City_ID,City,Country,Date,Lat,Lng,Max Temp,Humidity,Cloudiness,Wind Speed
0,Sambava,MG,2020-09-03 17:50:28,-14.27,50.17,70.95,78,4,16.35
1,Arraial Do Cabo,BR,2020-09-03 17:50:28,-22.97,-42.03,82.4,65,0,24.16
2,Santa Vitoria,BR,2020-09-03 17:50:28,-18.84,-50.12,93.56,20,19,2.44
3,Padang,ID,2020-09-03 17:50:29,-0.95,100.35,77.07,82,100,1.72
4,Husavik,IS,2020-09-03 17:50:29,66.04,-17.34,42.8,87,90,40.26
5,East London,ZA,2020-09-03 17:50:29,-33.02,27.91,59.0,82,0,2.24
6,Clyde River,CA,2020-09-03 17:50:29,70.47,-68.59,42.8,81,75,8.05
7,Hilo,US,2020-09-03 17:46:48,19.73,-155.09,73.4,73,75,3.51
8,Labrea,BR,2020-09-03 17:50:30,-7.26,-64.8,100.04,30,60,1.07
9,Punta Arenas,CL,2020-09-03 17:50:30,-53.15,-70.92,46.4,65,40,6.93
10,Anadyr,RU,2020-09-03 17:50:30,64.75,177.48,41.0,93,20,13.42
11,Busselton,AU,2020-09-03 17:50:30,-33.65,115.33,59.0,67,99,13.4
12,Katsuura,JP,2020-09-03 17:50:31,35.13,140.3,82.0,89,94,5.99
13,Chuy,UY,2020-09-03 17:50:31,-33.7,-53.46,54.61,77,80,9.62
14,Torbay,CA,2020-09-03 17:45:42,47.67,-52.73,68.0,63,75,17.22
15,Mataura,NZ,2020-09-03 17:50:31,-46.19,168.86,45.0,72,100,11.01
16,New Norfolk,AU,2020-09-03 17:50:31,-42.78,147.06,46.0,74,54,4.0
17,Thompson,CA,2020-09-03 17:50:32,55.74,-97.86,50.0,81,90,16.11
18,Pringsewu,ID,2020-09-03 17:50:32,-5.36,104.97,73.45,92,65,1.1
19,Tabou,CI,2020-09-03 17:50:32,4.42,-7.35,76.15,88,96,10.78
20,Kapaa,US,2020-09-03 17:50:32,22.08,-159.32,80.6,69,40,11.41
21,Vaini,TO,2020-09-03 17:50:33,-21.2,-175.2,68.0,72,20,14.99
22,Mangan,IN,2020-09-03 17:50:33,27.52,88.53,76.03,59,91,0.94
23,Zyryanskoye,RU,2020-09-03 17:50:33,56.83,86.63,56.07,94,92,7.81
24,Barrow,US,2020-09-03 17:50:02,71.29,-156.79,37.4,86,90,16.11
25,Hermanus,ZA,2020-09-03 17:50:33,-34.42,19.23,55.99,89,94,6.31
26,Iqaluit,CA,2020-09-03 17:46:41,63.75,-68.51,50.0,57,75,10.29
27,Mahebourg,MU,2020-09-03 17:50:34,-20.41,57.7,69.8,77,75,14.99
28,Khatanga,RU,2020-09-03 17:50:34,71.97,102.5,41.45,86,96,14.41
29,Cabatuan,PH,2020-09-03 17:50:34,10.88,122.49,76.51,84,92,2.01
30,Inta,RU,2020-09-03 17:50:34,66.03,60.17,44.96,94,100,10.69
31,Puerto Ayora,EC,2020-09-03 17:50:35,-0.74,-90.35,73.4,69,40,18.34
32,San Juan De Los Morros,VE,2020-09-03 17:50:35,9.91,-67.35,79.27,75,95,3.76
33,Namibe,AO,2020-09-03 17:50:35,-15.2,12.15,62.78,78,5,6.15
34,Rikitea,PF,2020-09-03 17:50:35,-23.12,-134.97,71.6,85,0,10.2
35,Hobart,AU,2020-09-03 17:45:36,-42.88,147.33,50.0,57,75,14.99
36,Shaunavon,CA,2020-09-03 17:50:19,49.65,-108.42,65.21,31,75,11.21
37,Butaritari,KI,2020-09-03 17:50:36,3.07,172.79,82.76,67,99,3.09
38,Cherskiy,RU,2020-09-03 17:50:36,68.75,161.3,31.69,96,11,5.88
39,Poum,NC,2020-09-03 17:50:36,-20.23,164.02,68.04,66,10,13.02
40,College,US,2020-09-03 17:47:42,64.86,-147.8,52.0,81,40,3.36
41,Santarem,BR,2020-09-03 17:46:36,-2.44,-54.71,89.6,62,40,12.75
42,Ushuaia,AR,2020-09-03 17:48:45,-54.8,-68.3,37.4,93,75,0.72
43,Atuona,PF,2020-09-03 17:50:37,-9.8,-139.03,77.97,79,7,22.88
44,Bredasdorp,ZA,2020-09-03 17:50:37,-34.53,20.04,57.2,82,76,4.7
45,Port Elizabeth,ZA,2020-09-03 17:50:38,-33.92,25.57,59.0,87,29,4.7
46,Codrington,AU,2020-09-03 17:50:38,-38.27,141.97,43.47,91,0,10.36
47,Sept-Iles,CA,2020-09-03 17:50:38,50.2,-66.38,66.2,63,75,9.17
48,Narsaq,GL,2020-09-03 17:50:38,60.92,-46.05,48.2,49,75,10.29
49,Avarua,CK,2020-09-03 17:50:39,-21.21,-159.78,75.2,88,81,14.99
50,Bambous Virieux,MU,2020-09-03 17:50:39,-20.34,57.76,69.8,77,75,14.99
51,Caravelas,BR,2020-09-03 17:50:39,-17.71,-39.25,77.7,60,0,7.76
52,Cherepovets,RU,2020-09-03 17:50:39,59.13,37.9,57.2,71,20,6.71
53,Acajutla,SV,2020-09-03 17:50:39,13.59,-89.83,73.99,96,100,2.33
54,Mitu,CO,2020-09-03 17:50:40,1.2,-70.17,90.27,48,43,1.52
55,Jinxiang,CN,2020-09-03 17:50:40,22.86,115.7,82.92,78,13,7.02
56,Tuktoyaktuk,CA,2020-09-03 17:50:40,69.45,-133.04,44.6,81,75,12.75
57,Basco,PH,2020-09-03 17:50:41,20.45,121.97,83.91,79,100,7.56
58,Grindavik,IS,2020-09-03 17:50:41,63.84,-22.43,46.4,75,75,27.51
59,Kodiak,US,2020-09-03 17:50:41,57.79,-152.41,44.6,81,40,5.82
60,Sur,OM,2020-09-03 17:50:41,22.57,59.53,84.74,53,91,3.31
61,Vila,PT,2020-09-03 17:50:41,42.03,-8.16,86.0,31,0,8.99
62,Brawley,US,2020-09-03 17:50:42,32.98,-115.53,95.0,62,1,3.36
63,Ribeira Grande,PT,2020-09-03 17:50:42,38.52,-28.7,77.0,73,40,4.7
64,Rawson,AR,2020-09-03 17:50:42,-43.3,-65.1,57.65,37,96,17.22
65,Dzierzoniow,PL,2020-09-03 17:50:42,50.73,16.65,54.0,73,78,4.68
66,Namatanai,PG,2020-09-03 17:50:42,-3.67,152.43,79.74,82,89,4.29
67,Sinnamary,GF,2020-09-03 17:50:43,5.38,-52.95,85.14,70,7,12.26
68,Dikson,RU,2020-09-03 17:50:43,73.51,80.55,40.5,95,5,11.99
69,Jiwani,PK,2020-09-03 17:50:43,25.05,61.74,84.67,71,0,4.74
70,Ancud,CL,2020-09-03 17:50:43,-41.87,-73.82,50.0,81,33,3.0
71,Buala,SB,2020-09-03 17:50:43,-8.14,159.59,81.39,79,98,9.55
72,Ilulissat,GL,2020-09-03 17:50:44,69.22,-51.1,44.6,36,5,10.29
73,Carnarvon,AU,2020-09-03 17:50:44,-24.87,113.63,60.8,87,0,9.17
74,Dingle,PH,2020-09-03 17:50:44,11.0,122.67,76.75,85,89,1.95
75,Rio Branco,BR,2020-09-03 17:50:45,-9.97,-67.81,91.4,49,75,4.7
76,Longyearbyen,SJ,2020-09-03 17:50:45,78.22,15.64,42.8,93,75,3.36
77,Cape Town,ZA,2020-09-03 17:50:40,-33.93,18.42,61.0,82,78,8.05
78,Naze,JP,2020-09-03 17:50:45,28.37,129.48,80.6,94,100,3.36
79,Lampazos De Naranjo,MX,2020-09-03 17:50:45,27.02,-100.52,88.09,56,98,4.43
80,Kaffrine,SN,2020-09-03 17:50:45,14.11,-15.55,81.05,82,80,11.32
81,Sechura,PE,2020-09-03 17:50:46,-5.56,-80.82,76.01,48,20,12.1
82,Along,IN,2020-09-03 17:50:46,28.17,94.77,74.7,88,43,0.29
83,Sao Filipe,CV,2020-09-03 17:50:46,14.9,-24.5,79.18,80,34,10.09
84,Ohara,JP,2020-09-03 17:50:46,35.25,140.38,82.0,94,75,3.36
85,Bluff,NZ,2020-09-03 17:50:47,-46.6,168.33,45.0,72,100,11.01
86,Nikolskoye,RU,2020-09-03 17:50:47,59.7,30.79,66.99,82,40,4.47
87,Poli,TZ,2020-09-03 17:50:47,-3.33,36.8,73.4,60,20,7.45
88,Saldanha,ZA,2020-09-03 17:50:47,-33.01,17.94,62.6,72,79,4.7
89,Nouadhibou,MR,2020-09-03 17:50:47,20.93,-17.03,87.8,66,35,11.41
90,Hammerfest,NO,2020-09-03 17:50:48,70.66,23.68,62.6,48,2,19.46
91,Valdivia,CL,2020-09-03 17:50:48,-39.81,-73.25,51.8,71,75,11.41
92,Saint George,US,2020-09-03 17:47:53,37.1,-113.58,90.0,17,1,1.07
93,Pradopolis,BR,2020-09-03 17:50:48,-21.36,-48.07,93.2,15,15,4.7
94,Curillo,CO,2020-09-03 17:50:49,1.03,-75.92,87.01,67,60,3.58
95,Kavaratti,IN,2020-09-03 17:50:49,10.57,72.64,81.97,79,92,10.02
96,Yellowknife,CA,2020-09-03 17:50:45,62.46,-114.35,44.01,75,20,9.17
97,Atasu,KZ,2020-09-03 17:50:49,48.68,71.64,56.73,62,69,19.39
98,Luganville,VU,2020-09-03 17:50:49,-15.53,167.17,73.4,76,85,15.64
99,Ilam,NP,2020-09-03 17:50:50,26.92,87.92,78.8,94,75,1.12
100,Pevek,RU,2020-09-03 17:50:50,69.7,170.31,34.57,90,70,6.96
101,Hoi An,VN,2020-09-03 17:50:50,15.88,108.33,84.2,79,20,2.24
102,Alice Springs,AU,2020-09-03 17:50:50,-23.7,133.88,57.2,33,0,5.82
103,Kodino,RU,2020-09-03 17:50:51,63.72,39.64,48.99,93,2,5.48
104,Chapais,CA,2020-09-03 17:50:51,49.78,-74.85,64.4,63,75,11.41
105,Tiksi,RU,2020-09-03 17:50:51,71.69,128.87,41.22,83,40,7.07
106,Belmonte,BR,2020-09-03 17:50:51,-15.86,-38.88,77.0,69,75,5.82
107,Bethel,US,2020-09-03 17:50:52,41.37,-73.41,82.0,50,1,5.82
108,Ust-Nera,RU,2020-09-03 17:50:52,64.57,143.2,44.42,78,87,3.44
109,Castro,BR,2020-09-03 17:50:52,-24.79,-50.01,77.05,50,13,10.98
110,Bengkulu,ID,2020-09-03 17:50:52,-3.8,102.27,76.37,90,99,5.12
111,Jutai,BR,2020-09-03 17:50:52,-5.18,-68.9,88.34,55,24,4.72
112,Sakakah,SA,2020-09-03 17:50:53,29.97,40.21,98.6,7,20,6.93
113,Hithadhoo,MV,2020-09-03 17:50:53,-0.6,73.08,81.95,77,42,12.39
114,Witu,KE,2020-09-03 17:50:53,-2.39,40.44,74.19,81,0,11.01
115,Kieta,PG,2020-09-03 17:50:54,-6.22,155.63,79.54,74,95,3.58
116,Airai,TL,2020-09-03 17:50:54,-8.93,125.41,57.31,82,67,3.15
117,Morozovsk,RU,2020-09-03 17:50:55,48.35,41.83,75.56,32,0,17.31
118,Milagres,BR,2020-09-03 17:49:08,-7.31,-38.95,93.2,20,40,9.17
119,Coquimbo,CL,2020-09-03 17:50:55,-29.95,-71.34,59.0,67,1,17.22
120,Port Alfred,ZA,2020-09-03 17:50:55,-33.59,26.89,63.18,69,4,13.78
121,Nome,US,2020-09-03 17:50:56,64.5,-165.41,41.0,93,40,4.7
122,Rodrigues Alves,BR,2020-09-03 17:50:56,-7.74,-72.65,89.6,66,20,4.7
123,Albany,US,2020-09-03 17:48:35,42.6,-73.97,81.0,43,94,3.11
124,Rio Gallegos,AR,2020-09-03 17:50:56,-51.62,-69.22,46.4,61,40,19.46
125,Lima,PE,2020-09-03 17:49:27,-12.04,-77.03,62.6,77,90,9.17
126,Sorland,NO,2020-09-03 17:50:57,67.67,12.69,59.0,62,20,11.41
127,Zhob,PK,2020-09-03 17:50:57,31.34,69.45,78.31,52,0,2.53
128,Keuruu,FI,2020-09-03 17:50:57,62.27,24.7,59.0,93,90,5.82
129,Ponta Do Sol,PT,2020-09-03 17:50:58,32.67,-17.1,75.2,64,40,11.41
130,Severo-Kurilsk,RU,2020-09-03 17:50:58,50.68,156.12,54.28,93,100,11.39
131,Goulburn,AU,2020-09-03 17:50:58,-34.75,149.72,52.0,82,3,8.43
132,Touros,BR,2020-09-03 17:50:58,-5.2,-35.46,84.2,62,40,17.22
133,Chara,RU,2020-09-03 17:50:58,56.91,118.26,51.53,69,25,0.87
134,Hvide Sande,DK,2020-09-03 17:50:59,56.0,8.13,60.01,76,100,4.0
135,Pathardi,IN,2020-09-03 17:50:59,19.17,75.18,80.76,69,48,5.77
136,Amahai,ID,2020-09-03 17:50:59,-3.33,128.92,76.57,86,92,2.1
137,Kiruna,SE,2020-09-03 17:50:59,67.86,20.23,53.6,71,10,5.82
138,Kloulklubed,PW,2020-09-03 17:51:00,7.04,134.26,77.0,88,75,6.38
139,Atar,MR,2020-09-03 17:51:00,20.52,-13.05,103.57,15,66,9.78
140,Marrakesh,MA,2020-09-03 17:50:13,31.63,-8.01,96.8,22,20,10.29
141,Upernavik,GL,2020-09-03 17:51:00,72.79,-56.15,38.98,70,0,6.98
142,Lebu,CL,2020-09-03 17:51:00,-37.62,-73.65,51.17,80,81,4.45
143,Inirida,CO,2020-09-03 17:51:01,3.87,-67.92,95.43,43,12,1.19
144,Port Blair,IN,2020-09-03 17:51:01,11.67,92.75,82.63,77,73,6.15
145,Camacha,PT,2020-09-03 17:51:01,33.08,-16.33,75.2,64,20,11.41
146,Awbari,LY,2020-09-03 17:51:01,26.59,12.78,92.84,11,0,9.35
147,Marawi,PH,2020-09-03 17:51:01,8.0,124.29,75.99,91,97,5.01
148,Pisco,PE,2020-09-03 17:51:02,-13.7,-76.22,66.2,63,75,17.22
149,Taoudenni,ML,2020-09-03 17:51:02,22.68,-3.98,110.88,11,47,17.47
150,Saint-Philippe,RE,2020-09-03 17:51:02,-21.36,55.77,66.2,77,90,5.82
151,Beloha,MG,2020-09-03 17:51:02,-25.17,45.05,60.42,75,2,10.58
152,Maniitsoq,GL,2020-09-03 17:51:03,65.42,-52.9,47.1,55,80,6.02
153,Kysyl-Syr,RU,2020-09-03 17:51:03,63.9,122.76,51.62,94,84,4.03
154,Akhmim,EG,2020-09-03 17:51:03,26.56,31.75,98.6,19,0,12.75
155,Xian,CN,2020-09-03 17:51:03,34.26,108.93,73.0,93,0,4.47
156,Ojinaga,MX,2020-09-03 17:51:04,29.57,-104.42,95.0,20,1,4.7
157,Maloy,NO,2020-09-03 17:51:04,61.94,5.11,60.01,76,75,19.46
158,Pontes E Lacerda,BR,2020-09-03 17:51:04,-15.23,-59.34,107.47,10,42,0.47
159,Hof,DE,2020-09-03 17:51:04,50.32,11.92,63.0,67,99,5.82
160,Georgetown,MY,2020-09-03 17:50:38,5.41,100.34,78.8,88,20,4.7
161,Abu Samrah,SY,2020-09-03 17:51:06,35.3,37.18,91.53,12,11,6.4
162,San Quintin,MX,2020-09-03 17:51:06,30.48,-115.95,74.08,71,16,9.64
163,Moroto,UG,2020-09-03 17:51:06,2.53,34.67,72.09,61,80,2.84
164,Labuhan,ID,2020-09-03 17:51:06,-6.88,112.21,78.66,82,74,7.2
165,Luderitz,NA,2020-09-03 17:51:06,-26.65,15.16,59.85,49,0,3.11
166,Urucara,BR,2020-09-03 17:51:07,-2.54,-57.76,100.53,27,57,5.26
167,Vostok,RU,2020-09-03 17:51:07,46.49,135.88,65.01,85,55,9.8
168,Boa Vista,BR,2020-09-03 17:49:25,2.82,-60.67,84.2,66,75,3.36
169,Qaanaaq,GL,2020-09-03 17:51:07,77.48,-69.36,28.63,85,78,3.47
170,Ceres,US,2020-09-03 17:47:11,37.59,-120.96,73.0,56,1,5.82
171,Miraflores,MX,2020-09-03 17:51:08,19.22,-98.81,73.4,35,40,6.93
172,Praia Da Vitoria,PT,2020-09-03 17:51:08,38.73,-27.07,77.0,69,40,1.36
173,Blagoyevo,RU,2020-09-03 17:51:08,63.37,47.92,52.25,81,100,4.05
174,Humaita,BR,2020-09-03 17:51:08,-7.51,-63.02,99.82,25,33,1.83
175,San Angelo,US,2020-09-03 17:50:12,31.46,-100.44,91.0,51,0,1.01
176,Sooke,CA,2020-09-03 17:51:09,48.37,-123.73,69.01,67,21,5.99
177,Huilong,CN,2020-09-03 17:51:09,31.81,121.66,81.0,78,0,6.82
178,Berlevag,NO,2020-09-03 17:51:09,70.86,29.09,60.8,55,49,23.04
179,Anuradhapura,LK,2020-09-03 17:51:10,8.36,80.42,79.41,77,32,8.25
180,Saint Anthony,US,2020-09-03 17:51:10,45.02,-93.22,66.99,45,75,18.34
181,Vila Velha,BR,2020-09-03 17:47:53,-20.33,-40.29,82.4,58,40,12.75
182,Provideniya,RU,2020-09-03 17:51:10,64.38,-173.3,39.81,73,95,4.09
183,Margate,GB,2020-09-03 17:51:10,51.38,1.39,68.0,80,95,4.0
184,Hasaki,JP,2020-09-03 17:51:11,35.73,140.83,78.01,94,75,3.36
185,Arlit,NE,2020-09-03 17:51:11,18.74,7.39,80.17,54,57,16.71
186,Souillac,MU,2020-09-03 17:51:11,-20.52,57.52,69.8,77,75,14.99
187,Bogorodskoye,RU,2020-09-03 17:51:11,56.55,37.88,57.97,65,100,10.31
188,Rong Kwang,TH,2020-09-03 17:51:11,18.34,100.32,76.57,86,24,1.01
189,Havre-Saint-Pierre,CA,2020-09-03 17:51:12,50.23,-63.6,60.8,77,1,19.46
190,Erenhot,CN,2020-09-03 17:51:12,43.65,111.98,63.46,41,1,7.2
191,Te Anau,NZ,2020-09-03 17:51:12,-45.42,167.72,42.78,82,100,6.33
192,Jamestown,US,2020-09-03 17:51:12,42.1,-79.24,75.99,73,20,11.41
193,Monrovia,LR,2020-09-03 17:50:49,6.3,-10.8,80.6,83,75,11.41
194,Oranjemund,NA,2020-09-03 17:51:13,-28.55,16.43,62.56,39,0,5.41
195,Ust-Kulom,RU,2020-09-03 17:51:13,61.69,53.69,44.74,83,65,2.37
196,Vardo,NO,2020-09-03 17:51:13,70.37,31.11,53.6,76,75,16.11
197,Cairns,AU,2020-09-03 17:51:09,-16.92,145.77,69.8,88,75,9.17
198,Pangkalanbuun,ID,2020-09-03 17:51:14,-2.68,111.62,75.38,96,99,0.67
199,Fortuna,US,2020-09-03 17:51:14,40.6,-124.16,55.99,100,90,4.7
200,Palana,RU,2020-09-03 17:51:14,59.12,159.97,40.64,90,77,7.56
201,Mar Del Plata,AR,2020-09-03 17:51:14,-38.0,-57.56,55.0,66,75,6.93
202,Semey,KZ,2020-09-03 17:51:14,50.41,80.23,63.7,69,100,10.89
203,Mount Isa,AU,2020-09-03 17:51:15,-20.73,139.5,55.4,43,0,8.46
204,Talnakh,RU,2020-09-03 17:51:15,69.49,88.4,42.8,93,73,22.37
205,Hamilton,US,2020-09-03 17:50:30,39.18,-84.53,82.0,74,75,6.93
206,Tilichiki,RU,2020-09-03 17:51:15,60.47,166.1,38.53,91,23,9.26
207,Iquitos,PE,2020-09-03 17:51:16,-3.75,-73.25,86.0,70,75,3.36
208,Khuzdar,PK,2020-09-03 17:51:16,27.74,66.64,81.1,42,0,4.83
209,Victoria,HK,2020-09-03 17:51:16,22.29,114.16,86.0,74,6,6.15
210,Bandar-E Lengeh,IR,2020-09-03 17:51:16,26.56,54.88,93.2,44,0,6.93
211,Guerrero Negro,MX,2020-09-03 17:51:16,27.98,-114.06,79.09,58,3,12.08
212,Shakhtinsk,KZ,2020-09-03 17:51:17,49.71,72.59,51.8,87,90,8.95
213,Sosua,DO,2020-09-03 17:51:17,19.77,-70.52,89.6,70,20,16.11
214,Morondava,MG,2020-09-03 17:51:17,-20.28,44.28,74.71,71,0,11.83
215,Cleveland,US,2020-09-03 17:51:00,41.5,-81.7,80.6,47,1,14.99
216,Nanortalik,GL,2020-09-03 17:51:18,60.14,-45.24,47.88,56,100,12.39
217,Sovetskiy,RU,2020-09-03 17:51:18,61.36,63.58,44.22,83,44,8.75
218,Sitka,US,2020-09-03 17:51:18,57.05,-135.33,53.6,93,90,4.7
219,Vrangel,RU,2020-09-03 17:51:18,42.73,133.08,68.63,87,24,8.23
220,Mizdah,LY,2020-09-03 17:51:18,31.45,12.98,79.21,68,8,26.82
221,Yarada,IN,2020-09-03 17:51:19,17.65,83.27,82.4,94,40,2.24
222,Mount Gambier,AU,2020-09-03 17:51:19,-37.83,140.77,44.6,93,18,8.05
223,Laramie,US,2020-09-03 17:51:19,41.31,-105.59,75.0,22,1,4.7
224,Svetlaya,RU,2020-09-03 17:51:19,46.54,138.33,63.99,94,100,8.93
225,Charlestown,AU,2020-09-03 17:51:20,-32.95,151.67,64.99,61,26,7.87
226,Phalombe,MW,2020-09-03 17:51:20,-15.81,35.65,62.85,68,31,5.41
227,Kaitangata,NZ,2020-09-03 17:51:20,-46.28,169.85,41.0,86,92,4.0
228,Urumqi,CN,2020-09-03 17:51:20,43.8,87.6,80.01,31,83,26.84
229,Pandan,PH,2020-09-03 17:51:21,14.05,124.17,81.05,82,88,5.19
230,Shingu,JP,2020-09-03 17:51:21,33.73,135.98,75.74,89,99,2.98
231,Qorveh,IR,2020-09-03 17:51:21,35.17,47.8,65.16,35,70,4.7
232,Bolotnoye,RU,2020-09-03 17:51:21,55.67,84.4,51.04,89,97,10.07
233,Loma Bonita,PA,2020-09-03 17:51:22,8.38,-80.17,78.01,73,30,6.67
234,Surt,LY,2020-09-03 17:51:22,31.21,16.59,80.8,82,0,19.1
235,Kushima,JP,2020-09-03 17:51:22,31.46,131.23,75.0,94,100,4.85
236,Mehamn,NO,2020-09-03 17:51:22,71.04,27.85,60.8,51,37,13.87
237,Abeche,TD,2020-09-03 17:51:22,13.83,20.83,78.93,65,95,4.29
238,Jardim,BR,2020-09-03 17:51:23,-21.48,-56.14,91.54,31,14,5.21
239,Catamarca,AR,2020-09-03 17:51:23,-28.47,-65.79,75.0,37,0,5.99
240,Khani,GE,2020-09-03 17:51:23,41.96,42.96,75.2,94,3,5.82
241,Guanaja,HN,2020-09-03 17:51:23,16.4,-85.9,86.0,74,75,17.22
242,Kluczbork,PL,2020-09-03 17:51:23,50.97,18.22,59.16,72,55,5.46
243,Lavrentiya,RU,2020-09-03 17:51:24,65.58,-171.0,39.61,86,100,9.35
244,Pasighat,IN,2020-09-03 17:51:24,28.07,95.33,78.17,79,62,2.64
245,Tanete,ID,2020-09-03 17:51:24,-3.94,119.78,74.19,91,95,4.47
246,Calama,CL,2020-09-03 17:51:24,-22.47,-68.93,69.8,3,0,16.11
247,Sioux Lookout,CA,2020-09-03 17:51:25,50.1,-91.92,57.2,67,75,20.8
248,Hoyerswerda,DE,2020-09-03 17:51:25,51.43,14.25,66.99,60,96,4.88
249,Kruisfontein,ZA,2020-09-03 17:51:25,-34.0,24.73,61.0,80,38,5.01
250,Faanui,PF,2020-09-03 17:51:25,-16.48,-151.75,77.25,79,37,17.49
251,Laguna,US,2020-09-03 17:51:25,38.42,-121.42,73.0,72,1,5.82
252,Adrar,MR,2020-09-03 17:51:26,20.5,-10.07,105.15,16,19,14.36
253,Vao,NC,2020-09-03 17:51:26,-22.67,167.48,65.48,72,44,22.3
254,Lasa,IT,2020-09-03 17:51:26,46.62,10.7,62.01,44,5,1.12
255,Hambantota,LK,2020-09-03 17:51:26,6.12,81.12,81.75,78,27,14.25
256,Lubango,AO,2020-09-03 17:51:27,-14.92,13.49,63.81,48,69,1.9
257,Pinawa,CA,2020-09-03 17:51:27,50.15,-95.88,50.0,68,72,15.57
258,Sorong,ID,2020-09-03 17:51:27,-0.88,131.25,78.49,84,96,5.14
259,Brokopondo,SR,2020-09-03 17:51:27,4.75,-55.17,89.35,54,5,1.07
260,Mattru,SL,2020-09-03 17:51:27,7.62,-11.83,78.96,76,58,7.2
261,Itarema,BR,2020-09-03 17:51:28,-2.92,-39.92,84.09,55,37,19.66
262,Axim,GH,2020-09-03 17:51:28,4.87,-2.24,76.44,85,38,9.78
263,Biltine,TD,2020-09-03 17:51:28,14.53,20.92,80.89,63,99,7.2
264,Mount Abu,IN,2020-09-03 17:51:28,24.59,72.71,67.82,100,94,3.31
265,Port Hardy,CA,2020-09-03 17:51:28,50.7,-127.42,57.2,87,75,6.93
266,Nhulunbuy,AU,2020-09-03 17:51:29,-12.23,136.77,69.8,94,2,9.6
267,Ozernovskiy,RU,2020-09-03 17:51:29,51.5,156.52,52.27,94,100,8.66
268,Alofi,NU,2020-09-03 17:51:29,-19.06,-169.92,75.2,100,100,5.82
269,Tessalit,ML,2020-09-03 17:51:30,20.2,1.01,84.67,43,57,21.14
270,Beihai,CN,2020-09-03 17:51:30,21.48,109.1,84.33,79,60,10.25
271,Marzuq,YE,2020-09-03 17:51:30,14.4,46.47,84.83,22,17,5.08
272,Perth,AU,2020-09-03 17:48:45,-31.93,115.83,63.0,77,75,4.7
273,Baruun-Urt,MN,2020-09-03 17:51:30,46.68,113.28,52.47,65,43,5.75
274,Baculin,PH,2020-09-03 17:51:31,7.45,126.58,78.51,75,46,4.94
275,Kiama,AU,2020-09-03 17:51:31,-34.68,150.87,64.0,62,97,5.01
276,Lorengau,PG,2020-09-03 17:51:31,-2.02,147.27,81.93,76,88,5.66
277,Aykhal,RU,2020-09-03 17:51:31,66.0,111.5,45.5,88,91,9.04
278,Marondera,ZW,2020-09-03 17:51:32,-18.19,31.55,57.24,55,0,8.03
279,Vicuna,CL,2020-09-03 17:51:32,-30.03,-70.71,59.0,67,10,17.22
280,Helena,US,2020-09-03 17:49:27,46.59,-112.04,75.99,42,1,4.7
281,Vanavara,RU,2020-09-03 17:51:32,60.34,102.28,52.93,93,100,6.51
282,Sao Sebastiao,BR,2020-09-03 17:47:32,-23.76,-45.41,82.02,53,1,3.98
283,Olinda,BR,2020-09-03 17:51:32,-8.01,-34.86,80.6,65,75,8.05
284,Shelburne,CA,2020-09-03 17:48:49,44.08,-80.2,78.01,41,20,18.34
285,Tirat Karmel,IL,2020-09-03 17:51:33,32.76,34.97,86.0,89,0,6.93
286,Young,UY,2020-09-03 17:51:33,-32.68,-57.63,55.0,78,100,1.99
287,Praya,CV,2020-09-03 17:51:33,14.92,-23.51,87.8,55,40,10.29
288,Lardos,GR,2020-09-03 17:51:33,36.09,28.02,82.4,78,0,10.29
289,Port Macquarie,AU,2020-09-03 17:51:34,-31.43,152.92,55.4,93,40,6.64
290,Okha,RU,2020-09-03 17:51:34,53.57,142.95,54.37,91,100,9.66
291,Manggar,ID,2020-09-03 17:51:34,-2.88,108.27,80.53,83,77,10.51
292,San Cristobal,VE,2020-09-03 17:49:58,7.77,-72.22,89.6,55,40,4.7
293,Hobyo,SO,2020-09-03 17:51:34,5.35,48.53,76.6,80,88,27.38
294,Orlik,RU,2020-09-03 17:51:35,52.52,99.83,48.65,71,58,2.42
295,Maromitsa,RU,2020-09-03 17:51:35,59.87,48.01,47.39,88,98,1.9
296,Kanigiri,IN,2020-09-03 17:51:35,15.4,79.52,82.02,79,49,6.13
297,Chamba,IN,2020-09-03 17:51:35,32.57,76.13,72.25,65,97,2.46
298,Rognan,NO,2020-09-03 17:51:36,67.1,15.39,64.4,48,20,3.36
299,Swan Hill,AU,2020-09-03 17:51:36,-35.34,143.55,44.8,81,98,5.14
300,Marfino,RU,2020-09-03 17:51:36,55.7,37.38,64.4,52,99,11.18
301,Huambo,AO,2020-09-03 17:51:36,-12.78,15.74,73.04,33,93,2.62
302,Quatre Cocos,MU,2020-09-03 17:51:36,-20.21,57.76,69.8,77,75,14.99
303,Tuatapere,NZ,2020-09-03 17:51:37,-46.13,167.68,45.0,72,100,11.01
304,Taree,AU,2020-09-03 17:51:37,-31.9,152.47,51.8,100,0,4.97
305,Weston,US,2020-09-03 17:47:50,26.1,-80.4,96.01,63,1,11.41
306,Matara,LK,2020-09-03 17:51:37,5.95,80.54,78.85,89,49,8.48
307,Cap Malheureux,MU,2020-09-03 17:51:37,-19.98,57.61,66.99,78,31,3.0
308,Muros,ES,2020-09-03 17:51:38,42.78,-9.06,75.99,57,0,3.0
309,Ranong,TH,2020-09-03 17:51:38,9.97,98.63,80.53,77,69,0.98
310,Kalmunai,LK,2020-09-03 17:51:38,7.42,81.82,81.66,83,50,2.8
311,Garissa,KE,2020-09-03 17:51:38,-0.45,39.64,78.48,54,0,22.21
312,Alexandria,EG,2020-09-03 17:48:33,31.22,29.96,82.4,78,0,11.41
313,Bereznik,RU,2020-09-03 17:51:39,62.86,42.71,51.49,83,81,5.19
314,Ahuimanu,US,2020-09-03 17:51:39,21.44,-157.84,78.8,65,20,8.05
315,Kattivakkam,IN,2020-09-03 17:51:39,13.22,80.32,84.2,79,40,4.7
316,Waipawa,NZ,2020-09-03 17:51:39,-41.41,175.52,42.8,87,0,16.11
317,Bilibino,RU,2020-09-03 17:51:39,68.05,166.44,28.6,95,31,5.77
318,Sao Jose Da Coroa Grande,BR,2020-09-03 17:51:40,-8.9,-35.15,77.88,71,56,13.44
319,Aranos,NA,2020-09-03 17:51:40,-24.13,19.12,73.26,19,1,7.78
320,Ayorou,NE,2020-09-03 17:51:40,14.73,0.92,92.19,43,58,7.81
321,Port Hedland,AU,2020-09-03 17:51:41,-20.32,118.57,62.6,67,0,5.82
322,Ahipara,NZ,2020-09-03 17:51:41,-35.17,173.17,48.2,84,0,7.72
323,Porto Santo,PT,2020-09-03 17:51:41,33.07,-16.34,75.2,64,20,11.41
324,San Andres,CO,2020-09-03 17:51:41,12.58,-81.7,87.8,66,75,4.7
325,Kavieng,PG,2020-09-03 17:51:41,-2.57,150.8,81.84,79,89,6.91
326,Muzhi,RU,2020-09-03 17:51:42,65.37,64.67,44.73,71,87,12.28
327,Diego De Almagro,CL,2020-09-03 17:51:42,-26.37,-70.05,78.84,13,0,7.56
328,Norman Wells,CA,2020-09-03 17:51:42,65.28,-126.83,48.2,81,75,9.17
329,Los Zacatones,MX,2020-09-03 17:51:43,22.95,-102.05,68.0,68,75,11.41
330,Bandarbeyla,SO,2020-09-03 17:51:43,9.49,50.81,76.06,83,17,27.85
331,Moramanga,MG,2020-09-03 17:51:43,-18.93,48.2,56.16,88,69,5.61
332,Tchollire,CM,2020-09-03 17:51:43,8.4,14.17,74.07,90,67,2.19
333,Ipojuca,BR,2020-09-03 17:51:43,-8.4,-35.06,80.6,65,75,8.05
334,Srednekolymsk,RU,2020-09-03 17:51:44,67.45,153.68,38.61,75,80,5.03
335,Cabo San Lucas,MX,2020-09-03 17:47:24,22.89,-109.91,90.0,70,20,6.93
336,Yima,CN,2020-09-03 17:51:44,34.74,111.88,73.99,99,0,2.93
337,Malartic,CA,2020-09-03 17:51:44,48.13,-78.13,69.8,52,40,13.87
338,Klaksvik,FO,2020-09-03 17:51:45,62.23,-6.59,50.0,93,75,16.11
339,Yerbogachen,RU,2020-09-03 17:51:45,61.28,108.01,47.57,81,83,5.03
340,Carutapera,BR,2020-09-03 17:51:45,-1.2,-46.02,86.2,61,8,10.98
341,Murray Bridge,AU,2020-09-03 17:51:45,-35.12,139.27,50.0,91,99,1.99
342,Enzan,JP,2020-09-03 17:51:45,35.7,138.73,75.99,93,92,1.66
343,Byron Bay,AU,2020-09-03 17:51:46,-28.65,153.62,64.4,72,90,5.82
344,Pangnirtung,CA,2020-09-03 17:51:46,66.15,-65.71,44.6,81,75,17.22
345,San Patricio,MX,2020-09-03 17:51:46,19.22,-104.7,86.0,74,75,11.41
346,Kyrylivka,UA,2020-09-03 17:51:46,46.38,35.37,77.11,63,99,5.32
347,Ust-Koksa,RU,2020-09-03 17:51:46,50.27,85.61,56.43,52,100,2.33
348,Pilar,BR,2020-09-03 17:51:47,-9.6,-35.96,78.8,69,75,10.29
349,Nanakuli,US,2020-09-03 17:51:47,21.39,-158.15,78.8,78,1,8.81
350,Dhankuta,NP,2020-09-03 17:51:47,26.98,87.33,70.34,92,66,1.79
351,Diffa,NE,2020-09-03 17:51:47,13.32,12.61,80.91,64,94,5.86
352,Winnemucca,US,2020-09-03 17:51:47,40.97,-117.74,84.2,13,1,9.17
353,Almaznyy,RU,2020-09-03 17:51:48,48.04,40.05,84.2,30,30,17.9
354,Coahuayana,MX,2020-09-03 17:51:48,18.73,-103.68,80.6,78,40,4.97
355,Wilmington Island,US,2020-09-03 17:51:48,32.0,-80.97,93.2,56,1,6.93
356,Nosy Varika,MG,2020-09-03 17:51:48,-20.58,48.53,63.79,77,18,9.4
357,Hovd,MN,2020-09-03 17:51:49,48.01,91.64,63.66,34,13,3.47
358,Cidreira,BR,2020-09-03 17:51:49,-30.18,-50.21,62.51,71,82,12.01
359,Shirgaon,IN,2020-09-03 17:51:49,19.7,72.7,80.83,87,76,1.45
360,Ayutla,MX,2020-09-03 17:51:49,20.12,-104.33,80.62,58,23,2.39
361,Schleswig,DE,2020-09-03 17:51:49,54.52,9.55,57.99,93,75,13.87
362,Geraldton,AU,2020-09-03 17:51:50,-28.77,114.6,50.0,93,82,8.05
363,Bayji,IQ,2020-09-03 17:51:50,34.93,43.49,96.24,10,0,9.51
364,Sao Joao Da Barra,BR,2020-09-03 17:51:50,-21.64,-41.05,84.2,48,0,20.8
365,Westport,US,2020-09-03 17:50:04,41.14,-73.36,84.99,48,1,6.93
366,Kolpashevo,RU,2020-09-03 17:51:51,58.31,82.91,47.32,97,79,6.71
367,Ulaanbaatar,MN,2020-09-03 17:51:51,47.91,106.88,46.4,87,0,4.47
368,Lavras,BR,2020-09-03 17:51:51,-21.25,-45.0,80.4,31,0,6.33
369,Makkaveyevo,RU,2020-09-03 17:51:51,51.75,113.95,53.6,93,1,2.24
370,Catalina,US,2020-09-03 17:51:25,32.51,-110.92,93.99,36,0,1.01
371,Novodugino,RU,2020-09-03 17:51:52,55.63,34.28,61.93,90,100,8.66
372,Changji,CN,2020-09-03 17:51:52,44.02,87.32,80.01,31,83,26.84
373,Kaeo,NZ,2020-09-03 17:51:52,-35.1,173.78,42.01,3,5,1.01
374,La Paz,BO,2020-09-03 17:51:52,-16.5,-68.15,60.8,15,20,2.24
375,Nantucket,US,2020-09-03 17:47:54,41.28,-70.1,72.0,100,90,10.29
376,Savannah Bight,HN,2020-09-03 17:51:53,16.45,-85.85,83.43,75,75,10.92
377,Aksarka,RU,2020-09-03 17:51:53,66.56,67.8,43.5,76,12,14.99
378,Chokurdakh,RU,2020-09-03 17:51:53,70.63,147.92,37.96,77,98,5.61
379,Takoradi,GH,2020-09-03 17:51:53,4.88,-1.76,76.5,84,52,10.87
380,Carnot,CF,2020-09-03 17:51:54,4.94,15.87,73.49,89,96,2.51
381,Dodge City,US,2020-09-03 17:47:30,37.75,-100.02,78.8,36,1,27.51
382,Yulara,AU,2020-09-03 17:51:54,-25.24,130.99,57.2,26,96,9.17
383,Qandala,SO,2020-09-03 17:51:54,11.47,49.87,89.11,57,1,3.38
384,Qaqortoq,GL,2020-09-03 17:51:54,60.72,-46.03,48.2,49,75,10.29
385,Avera,US,2020-09-03 17:51:55,33.19,-82.53,91.99,59,1,4.7
386,Shitanjing,CN,2020-09-03 17:51:55,39.23,106.34,65.86,27,0,6.42
387,Takaka,NZ,2020-09-03 17:51:55,-40.85,172.8,45.0,88,4,1.01
388,Sao Jose Da Tapera,BR,2020-09-03 17:51:55,-9.56,-37.38,83.1,50,57,17.78
389,Las Lomas,PA,2020-09-03 17:51:56,8.43,-82.4,80.6,88,40,10.29
390,Eyl,SO,2020-09-03 17:51:56,7.98,49.82,76.53,80,2,23.71
391,Thinadhoo,MV,2020-09-03 17:51:56,0.53,72.93,82.51,77,35,14.56
392,Bedesa,ET,2020-09-03 17:51:56,8.9,40.78,66.4,68,32,2.82
393,Kununurra,AU,2020-09-03 17:51:56,-15.77,128.73,73.4,79,0,2.24
394,Gorontalo,ID,2020-09-03 17:50:44,0.54,123.06,75.74,88,92,2.44
395,Bima,ID,2020-09-03 17:51:57,-8.47,118.72,74.68,89,20,3.44
396,Skjervoy,NO,2020-09-03 17:51:57,70.03,20.97,55.4,66,2,2.24
397,Vila Do Maio,CV,2020-09-03 17:51:57,15.13,-23.22,87.8,55,40,10.29
398,Ust-Kuyga,RU,2020-09-03 17:51:57,70.02,135.6,38.43,77,0,2.82
399,Fukue,JP,2020-09-03 17:51:58,32.69,128.84,77.68,70,11,5.35
400,Auki,SB,2020-09-03 17:51:58,-8.77,160.7,78.85,83,99,5.32
401,Katherine,AU,2020-09-03 17:49:02,-14.47,132.27,78.8,41,0,4.7
402,Acazulco,MX,2020-09-03 17:51:58,19.27,-99.43,73.0,42,20,5.82
403,La Paz Centro,NI,2020-09-03 17:51:58,12.34,-86.68,86.0,70,40,4.7
404,Dunedin,NZ,2020-09-03 17:50:15,-45.87,170.5,46.0,68,79,4.0
405,Whitianga,NZ,2020-09-03 17:51:59,-36.83,175.7,36.0,87,0,1.99
406,Esperance,AU,2020-09-03 17:51:59,-33.87,121.9,50.0,87,3,11.41
407,Gambo,CF,2020-09-03 17:51:59,4.65,22.26,71.71,95,85,2.42
408,San Bartolome De Tirajana,ES,2020-09-03 17:51:59,27.92,-15.57,77.0,69,20,21.92
409,Buchanan,LR,2020-09-03 17:52:00,5.88,-10.05,80.6,83,75,11.41
410,Ziyang,CN,2020-09-03 17:52:00,29.25,117.85,68.13,65,6,2.91
411,Lobito,AO,2020-09-03 17:52:00,-12.35,13.55,70.3,87,98,6.58
412,Cuenca,EC,2020-09-03 17:47:08,-2.88,-78.98,64.4,63,75,6.93
413,Kambove,CD,2020-09-03 17:52:00,-10.88,26.6,67.68,40,9,4.99
414,Port Augusta,AU,2020-09-03 17:52:01,-32.5,137.77,44.01,87,11,5.82
415,Uray,RU,2020-09-03 17:52:01,60.12,64.78,47.86,83,98,12.06
416,Chumphon,TH,2020-09-03 17:52:01,10.33,98.83,74.57,96,75,1.66
417,Gualaquiza,EC,2020-09-03 17:52:01,-3.4,-78.55,74.08,75,91,2.59
418,Prattville,US,2020-09-03 17:47:03,32.46,-86.46,91.0,62,75,3.36
419,Mwanza,TZ,2020-09-03 17:52:01,-2.52,32.9,77.0,50,20,11.41
420,Beidao,CN,2020-09-03 17:52:02,34.57,105.89,60.39,69,0,3.27
421,Faya,SA,2020-09-03 17:52:02,18.39,42.45,71.6,53,62,5.82
422,Sernur,RU,2020-09-03 17:52:02,56.93,49.15,48.79,85,3,3.83
423,Itaqui,BR,2020-09-03 17:52:02,-29.13,-56.55,60.87,62,85,5.55
424,Salalah,OM,2020-09-03 17:52:03,17.02,54.09,80.6,83,40,5.82
425,Palora,EC,2020-09-03 17:52:03,-1.7,-77.93,77.0,65,40,3.36
426,Chumikan,RU,2020-09-03 17:52:03,54.72,135.31,52.7,93,100,20.47
427,Saskylakh,RU,2020-09-03 17:52:03,71.92,114.08,49.19,87,100,13.53
428,Bilma,NE,2020-09-03 17:52:04,18.69,12.92,97.79,26,65,8.97
429,Ippy,CF,2020-09-03 17:52:04,6.27,21.22,71.01,92,86,1.74
430,Pareora,NZ,2020-09-03 17:52:04,-44.49,171.21,39.0,96,88,5.99
431,Rio Grande,BR,2020-09-03 17:50:43,-32.03,-52.1,62.01,72,96,7.0
432,Ziarat,PK,2020-09-03 17:52:04,30.38,67.73,64.08,60,0,2.53
433,Half Moon Bay,US,2020-09-03 17:52:04,37.46,-122.43,66.99,87,90,11.41
434,Jumla,NP,2020-09-03 17:52:05,29.27,82.18,59.88,70,46,2.1
435,Rocha,UY,2020-09-03 17:52:05,-34.48,-54.33,53.83,75,88,11.05
436,Timmins,CA,2020-09-03 17:52:05,48.47,-81.33,60.8,87,90,12.75
437,Calvinia,ZA,2020-09-03 17:52:05,-31.47,19.78,60.84,25,0,6.31
438,Nelson Bay,AU,2020-09-03 17:52:06,-32.72,152.15,62.01,87,0,5.82
439,Conde,BR,2020-09-03 17:52:06,-7.26,-34.91,80.6,65,75,18.34
440,Ati,TD,2020-09-03 17:52:06,13.22,18.34,78.19,74,79,2.98
441,Vylkove,UA,2020-09-03 17:52:06,45.4,29.59,72.82,61,100,2.75
442,Tandil,AR,2020-09-03 17:52:07,-37.32,-59.13,57.99,49,0,3.0
443,Tura,IN,2020-09-03 17:52:07,25.52,90.22,75.9,81,32,2.39
444,Lazaro Cardenas,MX,2020-09-03 17:52:07,17.96,-102.2,85.8,70,65,2.95
445,Northam,GB,2020-09-03 17:52:07,51.03,-4.22,63.0,88,86,11.01
446,Soure,BR,2020-09-03 17:52:07,-0.72,-48.52,85.15,69,37,12.03
447,Kuito,AO,2020-09-03 17:52:08,-12.38,16.93,73.06,30,60,3.27
448,Omaruru,NA,2020-09-03 17:52:08,-21.43,15.93,67.96,24,0,8.61
449,Ketchikan,US,2020-09-03 17:52:08,55.34,-131.65,53.6,100,90,4.7
450,Bonthe,SL,2020-09-03 17:52:08,7.53,-12.51,79.57,74,33,12.26
451,Bulgan,MN,2020-09-03 17:52:08,48.81,103.53,51.04,87,7,1.92
452,Puerto Quijarro,BO,2020-09-03 17:52:09,-17.78,-57.77,106.18,14,38,1.97
453,Tommot,RU,2020-09-03 17:52:09,58.96,126.29,50.29,69,79,2.71
454,Verkhoyansk,RU,2020-09-03 17:52:09,67.54,133.38,48.58,65,79,3.87
455,Araouane,ML,2020-09-03 17:52:09,18.9,-3.53,98.29,27,54,7.16
456,Lawrence,US,2020-09-03 17:48:08,38.97,-95.24,86.0,65,75,11.41
457,Vila Franca Do Campo,PT,2020-09-03 17:52:10,37.72,-25.43,73.4,78,75,6.93
458,Paramonga,PE,2020-09-03 17:52:10,-10.67,-77.83,66.24,67,79,12.66
459,Elko,US,2020-09-03 17:52:10,41.0,-115.5,84.99,22,1,2.21
460,Mongo,TD,2020-09-03 17:52:10,12.18,18.69,75.49,85,41,6.2
461,Suamico,US,2020-09-03 17:52:11,44.63,-88.04,75.2,47,1,19.46
462,Batagay-Alyta,RU,2020-09-03 17:52:11,67.8,130.41,43.65,75,99,2.77
463,Seymchan,RU,2020-09-03 17:52:11,62.88,152.43,34.07,89,36,0.65
464,Tasiilaq,GL,2020-09-03 17:52:11,65.61,-37.64,44.6,56,20,8.05
465,Rzeszow,PL,2020-09-03 17:52:12,50.04,22.0,70.0,63,27,4.7
466,Mahabaleshwar,IN,2020-09-03 17:52:12,17.92,73.67,63.25,100,18,0.96
467,Port Lincoln,AU,2020-09-03 17:52:13,-34.73,135.87,53.78,77,85,11.27
468,Mega,ET,2020-09-03 17:52:13,4.05,38.3,63.91,62,2,10.25
469,Dnipryany,UA,2020-09-03 17:52:13,46.75,33.27,80.6,47,100,4.47
470,Arona,ES,2020-09-03 17:52:13,28.1,-16.68,80.01,69,0,18.34
471,Cabedelo,BR,2020-09-03 17:50:11,-6.98,-34.83,80.6,65,75,18.34
472,Grahamstown,ZA,2020-09-03 17:52:14,-33.3,26.53,54.09,63,6,9.89
473,Maningrida,AU,2020-09-03 17:52:14,-12.07,134.27,67.93,87,0,6.96
474,Kargil,IN,2020-09-03 17:52:14,34.57,76.1,58.06,46,19,7.81
475,Loreto,MX,2020-09-03 17:52:14,22.27,-101.97,77.63,25,36,11.3
476,Neiafu,TO,2020-09-03 17:52:14,-18.65,-173.98,71.6,94,75,16.62
477,Leshukonskoye,RU,2020-09-03 17:52:15,64.9,45.76,49.12,82,76,4.41
478,Nautla,MX,2020-09-03 17:52:15,20.22,-96.78,89.47,58,2,8.88
479,Kantunilkin,MX,2020-09-03 17:52:15,21.09,-87.45,86.0,79,75,6.93
480,Wheatley,GB,2020-09-03 17:52:15,51.75,-1.14,66.2,77,75,16.11
481,Lagoa,PT,2020-09-03 17:52:15,39.05,-27.98,73.8,73,6,0.94
482,Cayenne,GF,2020-09-03 17:52:16,4.93,-52.33,89.6,62,40,14.99
483,Leningradskiy,RU,2020-09-03 17:52:16,69.38,178.42,34.54,94,100,2.64
484,Vanimo,PG,2020-09-03 17:52:16,-2.67,141.3,78.85,86,100,5.06
485,Chalus,IR,2020-09-03 17:52:17,36.66,51.42,75.2,88,20,7.94
486,Akdepe,TM,2020-09-03 17:52:17,42.06,59.38,84.2,32,0,2.24
487,Kukmor,RU,2020-09-03 17:52:17,56.19,50.89,48.11,80,26,4.59
488,San Lazaro,BZ,2020-09-03 17:52:17,18.04,-88.66,89.6,59,40,14.99
489,Hay River,CA,2020-09-03 17:52:17,60.82,-115.8,53.6,66,40,4.7
490,Skibbereen,IE,2020-09-03 17:52:18,51.55,-9.27,59.0,67,75,13.87
491,Kalanguy,RU,2020-09-03 17:52:18,51.02,116.52,48.88,84,100,6.51
492,Gari,RU,2020-09-03 17:52:18,59.43,62.35,47.86,75,90,8.84
493,Pata,PH,2020-09-03 17:52:18,17.72,121.5,77.16,88,100,2.33
494,Bubaque,GW,2020-09-03 17:52:19,11.28,-15.83,79.68,81,60,21.23
495,Lillooet,CA,2020-09-03 17:52:19,50.69,-121.94,69.8,56,1,11.41
496,Gaoual,GN,2020-09-03 17:52:19,11.75,-13.2,78.01,91,78,5.59
497,Tocopilla,CL,2020-09-03 17:52:19,-22.09,-70.2,65.57,46,16,7.61
498,Haines Junction,CA,2020-09-03 17:52:20,60.75,-137.51,48.22,69,99,5.17
499,Biskamzha,RU,2020-09-03 17:52:20,53.45,89.53,52.83,80,29,2.44
500,Agucadoura,PT,2020-09-03 17:52:20,41.43,-8.78,86.0,53,0,6.93
501,Kunya,NG,2020-09-03 17:52:20,12.22,8.53,82.08,67,64,0.07
502,Kuytun,RU,2020-09-03 17:52:21,54.34,101.5,53.42,89,12,6.35
503,Ulladulla,AU,2020-09-03 17:52:21,-35.35,150.47,57.2,76,87,6.93
504,Grand-Lahou,CI,2020-09-03 17:52:21,5.14,-5.02,75.6,89,92,10.47
505,Pacific Grove,US,2020-09-03 17:52:21,36.62,-121.92,69.8,60,40,3.36
506,Dwarka,IN,2020-09-03 17:52:22,22.24,68.97,82.15,75,63,4.79
507,Orchard Homes,US,2020-09-03 17:52:22,46.86,-114.05,77.0,43,1,4.54
508,Stromness,GB,2020-09-03 17:52:22,58.97,-3.3,59.0,62,28,20.8
509,Lyubar,UA,2020-09-03 17:52:22,49.92,27.76,60.28,94,100,8.05
510,Juneau,US,2020-09-03 17:52:23,58.3,-134.42,54.0,91,98,3.22
511,Fuxin,CN,2020-09-03 17:52:23,42.02,121.66,61.84,74,70,11.65
512,Rondonopolis,BR,2020-09-03 17:52:23,-16.47,-54.64,103.06,11,0,5.99
513,Ugoofaaru,MV,2020-09-03 17:52:23,5.67,73.0,81.77,79,69,17.54
514,Bemidji,US,2020-09-03 17:51:36,47.47,-94.88,60.01,62,75,17.22
515,Los Llanos De Aridane,ES,2020-09-03 17:52:24,28.66,-17.92,78.8,69,20,9.17
516,Kawhia,NZ,2020-09-03 17:52:24,-38.07,174.82,37.0,89,0,1.01
517,Yumen,CN,2020-09-03 17:52:24,40.28,97.2,66.31,23,1,10.16
518,Iztapa,GT,2020-09-03 17:52:24,13.93,-90.71,77.0,94,75,4.88
519,Kahului,US,2020-09-03 17:48:53,20.89,-156.47,77.0,61,20,6.85
520,Solnechnyy,RU,2020-09-03 17:52:25,50.72,136.63,61.79,94,100,1.77
521,Portland,US,2020-09-03 17:52:24,45.52,-122.68,77.0,68,1,4.7
522,Lompoc,US,2020-09-03 17:48:52,34.64,-120.46,69.01,77,90,10.29
523,Munak,IN,2020-09-03 17:52:25,29.52,76.85,81.18,86,76,8.59
524,Suhbaatar,MN,2020-09-03 17:52:25,50.23,106.21,55.11,67,22,0.87
525,Meridian,US,2020-09-03 17:52:26,43.61,-116.39,81.0,31,1,5.82
526,Dubbo,AU,2020-09-03 17:52:26,-32.25,148.62,60.8,59,40,12.75
527,Kalabo,ZM,2020-09-03 17:52:26,-14.97,22.68,76.19,24,36,5.61
528,Panama City,PA,2020-09-03 17:52:26,8.99,-79.52,78.01,73,8,9.13
529,Birin,NP,2020-09-03 17:52:27,26.89,88.07,78.8,94,75,1.12
530,Djambala,CG,2020-09-03 17:52:27,-2.54,14.75,74.53,79,66,1.5
531,Tadine,NC,2020-09-03 17:52:27,-21.55,167.88,65.71,68,72,18.68
532,Egvekinot,RU,2020-09-03 17:52:27,66.32,-179.17,34.86,85,99,4.92
533,Lloydminster,CA,2020-09-03 17:52:28,53.28,-110.0,57.2,67,75,17.22
534,Necochea,AR,2020-09-03 17:52:28,-38.55,-58.74,57.0,57,0,1.99
535,Beira,MZ,2020-09-03 17:52:28,-19.84,34.84,71.6,64,20,11.41
536,La Crosse,US,2020-09-03 17:52:28,43.8,-91.24,71.6,43,1,17.22
537,Dongsheng,CN,2020-09-03 17:52:29,39.82,109.98,59.52,34,16,6.24
538,Mogadishu,SO,2020-09-03 17:52:29,2.04,45.34,77.23,75,1,18.1
539,Saint-Pierre,RE,2020-09-03 17:52:29,-21.34,55.48,66.2,77,90,5.82
540,Kumluca,TR,2020-09-03 17:52:29,36.37,30.29,89.06,33,0,5.23
541,Sijunjung,ID,2020-09-03 17:52:30,-0.69,100.95,72.34,92,98,1.1
542,Villarrubia De Los Ojos,ES,2020-09-03 17:52:30,39.22,-3.61,87.8,22,0,5.82
543,Etchoropo,MX,2020-09-03 17:52:30,26.77,-109.67,90.0,63,36,5.99
544,Am Timan,TD,2020-09-03 17:52:30,11.03,20.28,74.97,89,98,4.59
545,Dafeng,CN,2020-09-03 17:52:31,23.45,108.59,81.57,62,95,0.16
546,Ixtapa,MX,2020-09-03 17:51:24,20.7,-105.2,88.0,66,20,3.36
547,Plaster Rock,CA,2020-09-03 17:52:31,46.91,-67.39,77.0,41,1,8.05
548,Waitati,NZ,2020-09-03 17:52:31,-45.75,170.57,46.0,77,81,5.01
549,Samarai,PG,2020-09-03 17:52:31,-10.62,150.67,77.67,86,88,16.28
550,Krasnoselkup,RU,2020-09-03 17:52:32,65.7,82.47,46.04,82,28,9.73
551,Black River,JM,2020-09-03 17:52:32,18.03,-77.85,87.8,70,20,24.16
552,Nabire,ID,2020-09-03 17:52:32,-3.37,135.48,77.32,83,100,3.69
